<?xml version="1.0" encoding="UTF-8"?>
<project-private xmlns="http://www.netbeans.org/ns/project-private/1">
    <editor-bookmarks xmlns="http://www.netbeans.org/ns/editor-bookmarks/2" lastBookmarkId="0"/>
    <open-files xmlns="http://www.netbeans.org/ns/projectui-open-files/2">
        <group>
            <file>file:/home/felipe/Repositorios/Sistemas/modelos2/3.Figuras/Figuras%20Graficas/src/mp2/udistrital/edu/co/figurasGraficas/PolGrafIrr.java</file>
            <file>file:/home/felipe/Repositorios/Sistemas/modelos2/3.Figuras/Figuras%20Graficas/src/mp2/udistrital/edu/co/figurasGraficas/presentación/Modelo.java</file>
            <file>file:/home/felipe/Repositorios/Sistemas/modelos2/3.Figuras/Figuras%20Graficas/src/mp2/udistrital/edu/co/figurasGraficas/presentación/VistaPoligono.java</file>
        </group>
    </open-files>
</project-private>
